"Date","Parashah","Aliyah","Reading","Verses"
23-Sep-2025,"Rosh Hashana I",1,"Genesis 21:1-21:4",4
23-Sep-2025,"Rosh Hashana I",2,"Genesis 21:5-21:12",8
23-Sep-2025,"Rosh Hashana I",3,"Genesis 21:13-21:21",9
23-Sep-2025,"Rosh Hashana I",4,"Genesis 21:22-21:27",6
23-Sep-2025,"Rosh Hashana I",5,"Genesis 21:28-21:34",7
23-Sep-2025,"Rosh Hashana I","maf","Numbers 29:1-29:6",6
23-Sep-2025,"Rosh Hashana I","Haftara","I Samuel 1:1-2:10",38

24-Sep-2025,"Rosh Hashana II",1,"Genesis 22:1-22:3",3
24-Sep-2025,"Rosh Hashana II",2,"Genesis 22:4-22:8",5
24-Sep-2025,"Rosh Hashana II",3,"Genesis 22:9-22:14",6
24-Sep-2025,"Rosh Hashana II",4,"Genesis 22:15-22:19",5
24-Sep-2025,"Rosh Hashana II",5,"Genesis 22:20-22:24",5
24-Sep-2025,"Rosh Hashana II","maf","Numbers 29:1-29:6",6
24-Sep-2025,"Rosh Hashana II","Haftara","Jeremiah 31:2-20",19

25-Sep-2025,"Tzom Gedaliah",1,"Exodus 32:11-32:14",4
25-Sep-2025,"Tzom Gedaliah",2,"Exodus 34:1-34:3",3
25-Sep-2025,"Tzom Gedaliah",3,"Exodus 34:4-34:10",7

25-Sep-2025,"Tzom Gedaliah (Mincha)",1,"Exodus 32:11-32:14",4
25-Sep-2025,"Tzom Gedaliah (Mincha)",2,"Exodus 34:1-34:3",3
25-Sep-2025,"Tzom Gedaliah (Mincha)","maf","Exodus 34:4-34:10",7
25-Sep-2025,"Tzom Gedaliah (Mincha)","Haftara","Isaiah 55:6-56:8",16

27-Sep-2025,"Vayeilech",1,"Deuteronomy 31:1-31:3",3
27-Sep-2025,"Vayeilech",2,"Deuteronomy 31:4-31:6",3
27-Sep-2025,"Vayeilech",3,"Deuteronomy 31:7-31:9",3
27-Sep-2025,"Vayeilech",4,"Deuteronomy 31:10-31:13",4
27-Sep-2025,"Vayeilech",5,"Deuteronomy 31:14-31:19",6
27-Sep-2025,"Vayeilech",6,"Deuteronomy 31:20-31:24",5
27-Sep-2025,"Vayeilech",7,"Deuteronomy 31:25-31:30",6
27-Sep-2025,"Vayeilech","maf","Deuteronomy 31:28-31:30",3
27-Sep-2025,"Vayeilech","Haftara","Hosea 14:2-10; Micah 7:18-20 | Shabbat Shuva (with Vayeilech)",12

02-Oct-2025,"Yom Kippur",1,"Leviticus 16:1-16:6",6
02-Oct-2025,"Yom Kippur",2,"Leviticus 16:7-16:11",5
02-Oct-2025,"Yom Kippur",3,"Leviticus 16:12-16:17",6
02-Oct-2025,"Yom Kippur",4,"Leviticus 16:18-16:24",7
02-Oct-2025,"Yom Kippur",5,"Leviticus 16:25-16:30",6
02-Oct-2025,"Yom Kippur",6,"Leviticus 16:31-16:34",4
02-Oct-2025,"Yom Kippur","maf","Numbers 29:7-29:11",5
02-Oct-2025,"Yom Kippur","Haftara","Isaiah 57:14-58:14",22

02-Oct-2025,"Yom Kippur (Mincha)",1,"Leviticus 18:1-18:5",5
02-Oct-2025,"Yom Kippur (Mincha)",2,"Leviticus 18:6-18:21",16
02-Oct-2025,"Yom Kippur (Mincha)","maf","Leviticus 18:22-18:30",9
02-Oct-2025,"Yom Kippur (Mincha)","Haftara","Jonah 1:1-4:11; Micah 7:18-20",51

04-Oct-2025,"Ha'azinu",1,"Deuteronomy 32:1-32:6",6
04-Oct-2025,"Ha'azinu",2,"Deuteronomy 32:7-32:12",6
04-Oct-2025,"Ha'azinu",3,"Deuteronomy 32:13-32:18",6
04-Oct-2025,"Ha'azinu",4,"Deuteronomy 32:19-32:28",10
04-Oct-2025,"Ha'azinu",5,"Deuteronomy 32:29-32:39",11
04-Oct-2025,"Ha'azinu",6,"Deuteronomy 32:40-32:43",4
04-Oct-2025,"Ha'azinu",7,"Deuteronomy 32:44-32:52",9
04-Oct-2025,"Ha'azinu","maf","Deuteronomy 32:48-32:52",5
04-Oct-2025,"Ha'azinu","Haftara","II Samuel 22:1-51",51

07-Oct-2025,"Sukkot I",1,"Leviticus 22:26-23:3",11
07-Oct-2025,"Sukkot I",2,"Leviticus 23:4-23:14",11
07-Oct-2025,"Sukkot I",3,"Leviticus 23:15-23:22",8
07-Oct-2025,"Sukkot I",4,"Leviticus 23:23-23:32",10
07-Oct-2025,"Sukkot I",5,"Leviticus 23:33-23:44",12
07-Oct-2025,"Sukkot I","maf","Numbers 29:12-29:16",5
07-Oct-2025,"Sukkot I","Haftara","Zechariah 14:1-21",21

08-Oct-2025,"Sukkot II",1,"Leviticus 22:26-23:3",11
08-Oct-2025,"Sukkot II",2,"Leviticus 23:4-23:14",11
08-Oct-2025,"Sukkot II",3,"Leviticus 23:15-23:22",8
08-Oct-2025,"Sukkot II",4,"Leviticus 23:23-23:32",10
08-Oct-2025,"Sukkot II",5,"Leviticus 23:33-23:44",12
08-Oct-2025,"Sukkot II","maf","Numbers 29:12-29:16",5
08-Oct-2025,"Sukkot II","Haftara","I Kings 8:2-21",20

09-Oct-2025,"Sukkot Chol ha-Moed Day 1",1,"Numbers 29:17-29:19",3
09-Oct-2025,"Sukkot Chol ha-Moed Day 1",2,"Numbers 29:20-29:22",3
09-Oct-2025,"Sukkot Chol ha-Moed Day 1",3,"Numbers 29:23-29:25",3
09-Oct-2025,"Sukkot Chol ha-Moed Day 1",4,"Numbers 29:17-29:22",6

10-Oct-2025,"Sukkot Chol ha-Moed Day 2",1,"Numbers 29:20-29:22",3
10-Oct-2025,"Sukkot Chol ha-Moed Day 2",2,"Numbers 29:23-29:25",3
10-Oct-2025,"Sukkot Chol ha-Moed Day 2",3,"Numbers 29:26-29:28",3
10-Oct-2025,"Sukkot Chol ha-Moed Day 2",4,"Numbers 29:20-29:25",6

11-Oct-2025,"Sukkot Shabbat Chol ha-Moed",1,"Exodus 33:12-33:16",5
11-Oct-2025,"Sukkot Shabbat Chol ha-Moed",2,"Exodus 33:17-33:19",3
11-Oct-2025,"Sukkot Shabbat Chol ha-Moed",3,"Exodus 33:20-33:23",4
11-Oct-2025,"Sukkot Shabbat Chol ha-Moed",4,"Exodus 34:1-34:3",3
11-Oct-2025,"Sukkot Shabbat Chol ha-Moed",5,"Exodus 34:4-34:10",7
11-Oct-2025,"Sukkot Shabbat Chol ha-Moed",6,"Exodus 34:11-34:17",7
11-Oct-2025,"Sukkot Shabbat Chol ha-Moed",7,"Exodus 34:18-34:26",9
11-Oct-2025,"Sukkot Shabbat Chol ha-Moed","maf","Numbers 29:23-29:28",6
11-Oct-2025,"Sukkot Shabbat Chol ha-Moed","Haftara","Ezekiel 38:18-39:16",22
11-Oct-2025,"Sukkot Shabbat Chol ha-Moed","Megillah Ch. 1","Ecclesiastes 1:1-1:18",18
11-Oct-2025,"Sukkot Shabbat Chol ha-Moed","Megillah Ch. 2","Ecclesiastes 2:1-2:26",26
11-Oct-2025,"Sukkot Shabbat Chol ha-Moed","Megillah Ch. 3","Ecclesiastes 3:1-3:22",22
11-Oct-2025,"Sukkot Shabbat Chol ha-Moed","Megillah Ch. 4","Ecclesiastes 4:1-4:17",17
11-Oct-2025,"Sukkot Shabbat Chol ha-Moed","Megillah Ch. 5","Ecclesiastes 5:1-5:19",19
11-Oct-2025,"Sukkot Shabbat Chol ha-Moed","Megillah Ch. 6","Ecclesiastes 6:1-6:12",12
11-Oct-2025,"Sukkot Shabbat Chol ha-Moed","Megillah Ch. 7","Ecclesiastes 7:1-7:29",29
11-Oct-2025,"Sukkot Shabbat Chol ha-Moed","Megillah Ch. 8","Ecclesiastes 8:1-8:17",17
11-Oct-2025,"Sukkot Shabbat Chol ha-Moed","Megillah Ch. 9","Ecclesiastes 9:1-9:18",18
11-Oct-2025,"Sukkot Shabbat Chol ha-Moed","Megillah Ch. 10","Ecclesiastes 10:1-10:20",20
11-Oct-2025,"Sukkot Shabbat Chol ha-Moed","Megillah Ch. 11","Ecclesiastes 11:1-11:10",10
11-Oct-2025,"Sukkot Shabbat Chol ha-Moed","Megillah Ch. 12","Ecclesiastes 12:1-12:14",14

12-Oct-2025,"Sukkot Chol ha-Moed Day 4",1,"Numbers 29:26-29:28",3
12-Oct-2025,"Sukkot Chol ha-Moed Day 4",2,"Numbers 29:29-29:31",3
12-Oct-2025,"Sukkot Chol ha-Moed Day 4",3,"Numbers 29:32-29:34",3
12-Oct-2025,"Sukkot Chol ha-Moed Day 4",4,"Numbers 29:26-29:31",6

13-Oct-2025,"Sukkot Final Day (Hoshana Raba)",1,"Numbers 29:26-29:28",3
13-Oct-2025,"Sukkot Final Day (Hoshana Raba)",2,"Numbers 29:29-29:31",3
13-Oct-2025,"Sukkot Final Day (Hoshana Raba)",3,"Numbers 29:32-29:34",3
13-Oct-2025,"Sukkot Final Day (Hoshana Raba)",4,"Numbers 29:29-29:34",6

14-Oct-2025,"Shmini Atzeret",1,"Deuteronomy 14:22-14:29",8
14-Oct-2025,"Shmini Atzeret",2,"Deuteronomy 15:1-15:18",18
14-Oct-2025,"Shmini Atzeret",3,"Deuteronomy 15:19-16:3",8
14-Oct-2025,"Shmini Atzeret",4,"Deuteronomy 16:4-16:8",5
14-Oct-2025,"Shmini Atzeret",5,"Deuteronomy 16:9-16:17",9
14-Oct-2025,"Shmini Atzeret","maf","Numbers 29:35-30:1",6
14-Oct-2025,"Shmini Atzeret","Haftara","I Kings 8:54-66",13

14-Oct-2025,"Erev Simchat Torah",1,"Deuteronomy 33:1-33:7",7
14-Oct-2025,"Erev Simchat Torah",2,"Deuteronomy 33:8-33:12",5
14-Oct-2025,"Erev Simchat Torah",3,"Deuteronomy 33:13-33:17",5

15-Oct-2025,"Simchat Torah",1,"Deuteronomy 33:1-33:7",7
15-Oct-2025,"Simchat Torah",2,"Deuteronomy 33:8-33:12",5
15-Oct-2025,"Simchat Torah",3,"Deuteronomy 33:13-33:17",5
15-Oct-2025,"Simchat Torah",4,"Deuteronomy 33:18-33:21",4
15-Oct-2025,"Simchat Torah",5,"Deuteronomy 33:22-33:26",5
15-Oct-2025,"Simchat Torah",6,"Deuteronomy 33:27-34:12",15
15-Oct-2025,"Simchat Torah",7,"Genesis 1:1-2:3",34
15-Oct-2025,"Simchat Torah","maf","Numbers 29:35-30:1",6
15-Oct-2025,"Simchat Torah","Haftara","Joshua 1:1-18",18

18-Oct-2025,"Bereshit",1,"Genesis 1:1-2:3",34
18-Oct-2025,"Bereshit",2,"Genesis 2:4-2:19",16
18-Oct-2025,"Bereshit",3,"Genesis 2:20-3:21",27
18-Oct-2025,"Bereshit",4,"Genesis 3:22-4:18",21
18-Oct-2025,"Bereshit",5,"Genesis 4:19-4:22 | some sources use 4:19-26",4
18-Oct-2025,"Bereshit",6,"Genesis 4:23-5:24 | some sources use 5:1-24",28
18-Oct-2025,"Bereshit",7,"Genesis 5:25-6:8",16
18-Oct-2025,"Bereshit","maf","Genesis 6:5-6:8",4
18-Oct-2025,"Bereshit","Haftara for Ashkenazim","Isaiah 42:5-43:10",31
18-Oct-2025,"Bereshit","Haftara for Sephardim","Isaiah 42:5-21",17

22-Oct-2025,"Rosh Chodesh Cheshvan",1,"Numbers 28:1-28:3",3
22-Oct-2025,"Rosh Chodesh Cheshvan",2,"Numbers 28:3-28:5",3
22-Oct-2025,"Rosh Chodesh Cheshvan",3,"Numbers 28:6-28:10",5
22-Oct-2025,"Rosh Chodesh Cheshvan",4,"Numbers 28:11-28:15",5

23-Oct-2025,"Rosh Chodesh Cheshvan",1,"Numbers 28:1-28:3",3
23-Oct-2025,"Rosh Chodesh Cheshvan",2,"Numbers 28:3-28:5",3
23-Oct-2025,"Rosh Chodesh Cheshvan",3,"Numbers 28:6-28:10",5
23-Oct-2025,"Rosh Chodesh Cheshvan",4,"Numbers 28:11-28:15",5

25-Oct-2025,"Noach",1,"Genesis 6:9-6:22",14
25-Oct-2025,"Noach",2,"Genesis 7:1-7:16",16
25-Oct-2025,"Noach",3,"Genesis 7:17-8:14",22
25-Oct-2025,"Noach",4,"Genesis 8:15-9:7",15
25-Oct-2025,"Noach",5,"Genesis 9:8-9:17",10
25-Oct-2025,"Noach",6,"Genesis 9:18-10:32",44
25-Oct-2025,"Noach",7,"Genesis 11:1-11:32",32
25-Oct-2025,"Noach","maf","Genesis 11:29-11:32",4
25-Oct-2025,"Noach","Haftara for Ashkenazim","Isaiah 54:1-55:5",22
25-Oct-2025,"Noach","Haftara for Sephardim","Isaiah 54:1-10",10

01-Nov-2025,"Lech-Lecha",1,"Genesis 12:1-12:13",13
01-Nov-2025,"Lech-Lecha",2,"Genesis 12:14-13:4",11
01-Nov-2025,"Lech-Lecha",3,"Genesis 13:5-13:18",14
01-Nov-2025,"Lech-Lecha",4,"Genesis 14:1-14:20",20
01-Nov-2025,"Lech-Lecha",5,"Genesis 14:21-15:6",10
01-Nov-2025,"Lech-Lecha",6,"Genesis 15:7-17:6",37
01-Nov-2025,"Lech-Lecha",7,"Genesis 17:7-17:27",21
01-Nov-2025,"Lech-Lecha","maf","Genesis 17:24-17:27",4
01-Nov-2025,"Lech-Lecha","Haftara","Isaiah 40:27-41:16",21

08-Nov-2025,"Vayera",1,"Genesis 18:1-18:14",14
08-Nov-2025,"Vayera",2,"Genesis 18:15-18:33",19
08-Nov-2025,"Vayera",3,"Genesis 19:1-19:20",20
08-Nov-2025,"Vayera",4,"Genesis 19:21-21:4",40
08-Nov-2025,"Vayera",5,"Genesis 21:5-21:21",17
08-Nov-2025,"Vayera",6,"Genesis 21:22-21:34",13
08-Nov-2025,"Vayera",7,"Genesis 22:1-22:24",24
08-Nov-2025,"Vayera","maf","Genesis 22:20-22:24",5
08-Nov-2025,"Vayera","Haftara for Ashkenazim","II Kings 4:1-37",37
08-Nov-2025,"Vayera","Haftara for Sephardim","II Kings 4:1-23",23

15-Nov-2025,"Chayei Sara",1,"Genesis 23:1-23:16",16
15-Nov-2025,"Chayei Sara",2,"Genesis 23:17-24:9",13
15-Nov-2025,"Chayei Sara",3,"Genesis 24:10-24:26",17
15-Nov-2025,"Chayei Sara",4,"Genesis 24:27-24:52",26
15-Nov-2025,"Chayei Sara",5,"Genesis 24:53-24:67",15
15-Nov-2025,"Chayei Sara",6,"Genesis 25:1-25:11",11
15-Nov-2025,"Chayei Sara",7,"Genesis 25:12-25:18",7
15-Nov-2025,"Chayei Sara","maf","Genesis 25:16-25:18",3
15-Nov-2025,"Chayei Sara","Haftara","I Kings 1:1-31",31

21-Nov-2025,"Rosh Chodesh Kislev",1,"Numbers 28:1-28:3",3
21-Nov-2025,"Rosh Chodesh Kislev",2,"Numbers 28:3-28:5",3
21-Nov-2025,"Rosh Chodesh Kislev",3,"Numbers 28:6-28:10",5
21-Nov-2025,"Rosh Chodesh Kislev",4,"Numbers 28:11-28:15",5

22-Nov-2025,"Toldot",1,"Genesis 25:19-26:5",21
22-Nov-2025,"Toldot",2,"Genesis 26:6-26:12",7
22-Nov-2025,"Toldot",3,"Genesis 26:13-26:22",10
22-Nov-2025,"Toldot",4,"Genesis 26:23-26:29",7
22-Nov-2025,"Toldot",5,"Genesis 26:30-27:27",33
22-Nov-2025,"Toldot",6,"Genesis 27:28-28:4",23
22-Nov-2025,"Toldot",7,"Genesis 28:5-28:9",5
22-Nov-2025,"Toldot","maf","Genesis 28:7-28:9",3
22-Nov-2025,"Toldot","Haftara","Malachi 1:1-2:7",21

29-Nov-2025,"Vayetzei",1,"Genesis 28:10-28:22",13
29-Nov-2025,"Vayetzei",2,"Genesis 29:1-29:17",17
29-Nov-2025,"Vayetzei",3,"Genesis 29:18-30:13",31
29-Nov-2025,"Vayetzei",4,"Genesis 30:14-30:27",14
29-Nov-2025,"Vayetzei",5,"Genesis 30:28-31:16",32
29-Nov-2025,"Vayetzei",6,"Genesis 31:17-31:42",26
29-Nov-2025,"Vayetzei",7,"Genesis 31:43-32:3",15
29-Nov-2025,"Vayetzei","maf","Genesis 32:1-32:3",3
29-Nov-2025,"Vayetzei","Haftara for Ashkenazim","Hosea 12:13-14:10",28
29-Nov-2025,"Vayetzei","Haftara for Sephardim","Hosea 11:7-12:12",17

06-Dec-2025,"Vayishlach",1,"Genesis 32:4-32:13",10
06-Dec-2025,"Vayishlach",2,"Genesis 32:14-32:30",17
06-Dec-2025,"Vayishlach",3,"Genesis 32:31-33:5",8
06-Dec-2025,"Vayishlach",4,"Genesis 33:6-33:20",15
06-Dec-2025,"Vayishlach",5,"Genesis 34:1-35:11",42
06-Dec-2025,"Vayishlach",6,"Genesis 35:12-36:19",37
06-Dec-2025,"Vayishlach",7,"Genesis 36:20-36:43",24
06-Dec-2025,"Vayishlach","maf","Genesis 36:40-36:43",4
06-Dec-2025,"Vayishlach","Haftara","Obadiah 1:1-21",21

13-Dec-2025,"Vayeshev",1,"Genesis 37:1-37:11",11
13-Dec-2025,"Vayeshev",2,"Genesis 37:12-37:22",11
13-Dec-2025,"Vayeshev",3,"Genesis 37:23-37:36",14
13-Dec-2025,"Vayeshev",4,"Genesis 38:1-38:30",30
13-Dec-2025,"Vayeshev",5,"Genesis 39:1-39:6",6
13-Dec-2025,"Vayeshev",6,"Genesis 39:7-39:23",17
13-Dec-2025,"Vayeshev",7,"Genesis 40:1-40:23",23
13-Dec-2025,"Vayeshev","maf","Genesis 40:20-40:23",4
13-Dec-2025,"Vayeshev","Haftara","Amos 2:6-3:8",19

15-Dec-2025,"Chanukah Day 1",1,"Numbers 7:1-7:11",11
15-Dec-2025,"Chanukah Day 1",2,"Numbers 7:12-7:14",3
15-Dec-2025,"Chanukah Day 1",3,"Numbers 7:15-7:17",3

16-Dec-2025,"Chanukah Day 2",1,"Numbers 7:18-7:20",3
16-Dec-2025,"Chanukah Day 2",2,"Numbers 7:21-7:23",3
16-Dec-2025,"Chanukah Day 2",3,"Numbers 7:24-7:29",6

17-Dec-2025,"Chanukah Day 3",1,"Numbers 7:24-7:26",3
17-Dec-2025,"Chanukah Day 3",2,"Numbers 7:27-7:29",3
17-Dec-2025,"Chanukah Day 3",3,"Numbers 7:30-7:35",6

18-Dec-2025,"Chanukah Day 4",1,"Numbers 7:30-7:32",3
18-Dec-2025,"Chanukah Day 4",2,"Numbers 7:33-7:35",3
18-Dec-2025,"Chanukah Day 4",3,"Numbers 7:36-7:41",6

19-Dec-2025,"Chanukah Day 5",1,"Numbers 7:36-7:38",3
19-Dec-2025,"Chanukah Day 5",2,"Numbers 7:39-7:41",3
19-Dec-2025,"Chanukah Day 5",3,"Numbers 7:42-7:47",6

20-Dec-2025,"Miketz",1,"Genesis 41:1-41:14",14
20-Dec-2025,"Miketz",2,"Genesis 41:15-41:38",24
20-Dec-2025,"Miketz",3,"Genesis 41:39-41:52",14
20-Dec-2025,"Miketz",4,"Genesis 41:53-42:18",23
20-Dec-2025,"Miketz",5,"Genesis 42:19-43:15",35
20-Dec-2025,"Miketz",6,"Genesis 43:16-44:17",36
20-Dec-2025,"Miketz",7,"Numbers 28:9-28:15 | Shabbat Rosh Chodesh Chanukah",7
20-Dec-2025,"Miketz","maf","Numbers 7:42-7:47 | Shabbat Rosh Chodesh Chanukah",6
20-Dec-2025,"Miketz","Haftara","Zechariah 2:14-4:7 | Shabbat Rosh Chodesh Chanukah",21

21-Dec-2025,"Chanukah Day 7 (on Rosh Chodesh)",1,"Numbers 28:1-28:5",5
21-Dec-2025,"Chanukah Day 7 (on Rosh Chodesh)",2,"Numbers 28:6-28:10",5
21-Dec-2025,"Chanukah Day 7 (on Rosh Chodesh)",3,"Numbers 28:11-28:15",5
21-Dec-2025,"Chanukah Day 7 (on Rosh Chodesh)",4,"Numbers 7:48-7:53",6

22-Dec-2025,"Chanukah Day 8",1,"Numbers 7:54-7:56",3
22-Dec-2025,"Chanukah Day 8",2,"Numbers 7:57-7:59",3
22-Dec-2025,"Chanukah Day 8",3,"Numbers 7:60-8:4",34

27-Dec-2025,"Vayigash",1,"Genesis 44:18-44:30",13
27-Dec-2025,"Vayigash",2,"Genesis 44:31-45:7",11
27-Dec-2025,"Vayigash",3,"Genesis 45:8-45:18",11
27-Dec-2025,"Vayigash",4,"Genesis 45:19-45:27",9
27-Dec-2025,"Vayigash",5,"Genesis 45:28-46:27",28
27-Dec-2025,"Vayigash",6,"Genesis 46:28-47:10",17
27-Dec-2025,"Vayigash",7,"Genesis 47:11-47:27",17
27-Dec-2025,"Vayigash","maf","Genesis 47:25-47:27",3
27-Dec-2025,"Vayigash","Haftara","Ezekiel 37:15-28",14

30-Dec-2025,"Asara B'Tevet",1,"Exodus 32:11-32:14",4
30-Dec-2025,"Asara B'Tevet",2,"Exodus 34:1-34:3",3
30-Dec-2025,"Asara B'Tevet",3,"Exodus 34:4-34:10",7

30-Dec-2025,"Asara B'Tevet (Mincha)",1,"Exodus 32:11-32:14",4
30-Dec-2025,"Asara B'Tevet (Mincha)",2,"Exodus 34:1-34:3",3
30-Dec-2025,"Asara B'Tevet (Mincha)","maf","Exodus 34:4-34:10",7
30-Dec-2025,"Asara B'Tevet (Mincha)","Haftara","Isaiah 55:6-56:8",16

03-Jan-2026,"Vayechi",1,"Genesis 47:28-48:9",13
03-Jan-2026,"Vayechi",2,"Genesis 48:10-48:16",7
03-Jan-2026,"Vayechi",3,"Genesis 48:17-48:22",6
03-Jan-2026,"Vayechi",4,"Genesis 49:1-49:18",18
03-Jan-2026,"Vayechi",5,"Genesis 49:19-49:26",8
03-Jan-2026,"Vayechi",6,"Genesis 49:27-50:20",27
03-Jan-2026,"Vayechi",7,"Genesis 50:21-50:26",6
03-Jan-2026,"Vayechi","maf","Genesis 50:23-50:26",4
03-Jan-2026,"Vayechi","Haftara","I Kings 2:1-12",12

10-Jan-2026,"Shemot",1,"Exodus 1:1-1:17",17
10-Jan-2026,"Shemot",2,"Exodus 1:18-2:10",15
10-Jan-2026,"Shemot",3,"Exodus 2:11-2:25",15
10-Jan-2026,"Shemot",4,"Exodus 3:1-3:15",15
10-Jan-2026,"Shemot",5,"Exodus 3:16-4:17",24
10-Jan-2026,"Shemot",6,"Exodus 4:18-4:31",14
10-Jan-2026,"Shemot",7,"Exodus 5:1-6:1",24
10-Jan-2026,"Shemot","maf","Exodus 5:22-6:1",3
10-Jan-2026,"Shemot","Haftara for Ashkenazim","Isaiah 27:6-28:13; 29:22-23",23
10-Jan-2026,"Shemot","Haftara for Sephardim","Jeremiah 1:1-2:3",22

17-Jan-2026,"Vaera",1,"Exodus 6:2-6:13",12
17-Jan-2026,"Vaera",2,"Exodus 6:14-6:28",15
17-Jan-2026,"Vaera",3,"Exodus 6:29-7:7",9
17-Jan-2026,"Vaera",4,"Exodus 7:8-8:6",28
17-Jan-2026,"Vaera",5,"Exodus 8:7-8:18",12
17-Jan-2026,"Vaera",6,"Exodus 8:19-9:16",26
17-Jan-2026,"Vaera",7,"Exodus 9:17-9:35",19
17-Jan-2026,"Vaera","maf","Exodus 9:33-9:35",3
17-Jan-2026,"Vaera","Haftara","Ezekiel 28:25-29:21",23

19-Jan-2026,"Rosh Chodesh Sh'vat",1,"Numbers 28:1-28:3",3
19-Jan-2026,"Rosh Chodesh Sh'vat",2,"Numbers 28:3-28:5",3
19-Jan-2026,"Rosh Chodesh Sh'vat",3,"Numbers 28:6-28:10",5
19-Jan-2026,"Rosh Chodesh Sh'vat",4,"Numbers 28:11-28:15",5

24-Jan-2026,"Bo",1,"Exodus 10:1-10:11",11
24-Jan-2026,"Bo",2,"Exodus 10:12-10:23",12
24-Jan-2026,"Bo",3,"Exodus 10:24-11:3",9
24-Jan-2026,"Bo",4,"Exodus 11:4-12:20",27
24-Jan-2026,"Bo",5,"Exodus 12:21-12:28",8
24-Jan-2026,"Bo",6,"Exodus 12:29-12:51",23
24-Jan-2026,"Bo",7,"Exodus 13:1-13:16",16
24-Jan-2026,"Bo","maf","Exodus 13:14-13:16",3
24-Jan-2026,"Bo","Haftara","Jeremiah 46:13-28",16

31-Jan-2026,"Beshalach",1,"Exodus 13:17-14:8",14
31-Jan-2026,"Beshalach",2,"Exodus 14:9-14:14",6
31-Jan-2026,"Beshalach",3,"Exodus 14:15-14:25",11
31-Jan-2026,"Beshalach",4,"Exodus 14:26-15:26",32
31-Jan-2026,"Beshalach",5,"Exodus 15:27-16:10",11
31-Jan-2026,"Beshalach",6,"Exodus 16:11-16:36",26
31-Jan-2026,"Beshalach",7,"Exodus 17:1-17:16",16
31-Jan-2026,"Beshalach","maf","Exodus 17:14-17:16",3
31-Jan-2026,"Beshalach","Haftara for Ashkenazim","Judges 4:4-5:31",52
31-Jan-2026,"Beshalach","Haftara for Sephardim","Judges 5:1-31",31

07-Feb-2026,"Yitro",1,"Exodus 18:1-18:12",12
07-Feb-2026,"Yitro",2,"Exodus 18:13-18:23",11
07-Feb-2026,"Yitro",3,"Exodus 18:24-18:27",4
07-Feb-2026,"Yitro",4,"Exodus 19:1-19:6",6
07-Feb-2026,"Yitro",5,"Exodus 19:7-19:19",13
07-Feb-2026,"Yitro",6,"Exodus 19:20-20:14",20
07-Feb-2026,"Yitro",7,"Exodus 20:15-20:23",9
07-Feb-2026,"Yitro","maf","Exodus 20:19-20:23",5
07-Feb-2026,"Yitro","Haftara for Ashkenazim","Isaiah 6:1-7:6; 9:5-6",21
07-Feb-2026,"Yitro","Haftara for Sephardim","Isaiah 6:1-13",13

14-Feb-2026,"Mishpatim",1,"Exodus 21:1-21:19",19
14-Feb-2026,"Mishpatim",2,"Exodus 21:20-22:3",21
14-Feb-2026,"Mishpatim",3,"Exodus 22:4-22:26",23
14-Feb-2026,"Mishpatim",4,"Exodus 22:27-23:5",9
14-Feb-2026,"Mishpatim",5,"Exodus 23:6-23:19",14
14-Feb-2026,"Mishpatim",6,"Exodus 23:20-23:25",6
14-Feb-2026,"Mishpatim",7,"Exodus 23:26-24:18",26
14-Feb-2026,"Mishpatim","maf","Exodus 30:11-30:16 | Shabbat Shekalim",6
14-Feb-2026,"Mishpatim","Haftara for Ashkenazim","II Kings 12:1-17 | Shabbat Shekalim",17
14-Feb-2026,"Mishpatim","Haftara for Sephardim","II Kings 11:17-12:17 | Shabbat Shekalim",21

17-Feb-2026,"Rosh Chodesh Adar",1,"Numbers 28:1-28:3",3
17-Feb-2026,"Rosh Chodesh Adar",2,"Numbers 28:3-28:5",3
17-Feb-2026,"Rosh Chodesh Adar",3,"Numbers 28:6-28:10",5
17-Feb-2026,"Rosh Chodesh Adar",4,"Numbers 28:11-28:15",5

18-Feb-2026,"Rosh Chodesh Adar",1,"Numbers 28:1-28:3",3
18-Feb-2026,"Rosh Chodesh Adar",2,"Numbers 28:3-28:5",3
18-Feb-2026,"Rosh Chodesh Adar",3,"Numbers 28:6-28:10",5
18-Feb-2026,"Rosh Chodesh Adar",4,"Numbers 28:11-28:15",5

21-Feb-2026,"Terumah",1,"Exodus 25:1-25:16",16
21-Feb-2026,"Terumah",2,"Exodus 25:17-25:40 | some sources use 25:17-30",24
21-Feb-2026,"Terumah",3,"Exodus 26:1-26:14 | some sources use 25:31-26:14",14
21-Feb-2026,"Terumah",4,"Exodus 26:15-26:30",16
21-Feb-2026,"Terumah",5,"Exodus 26:31-26:37",7
21-Feb-2026,"Terumah",6,"Exodus 27:1-27:8",8
21-Feb-2026,"Terumah",7,"Exodus 27:9-27:19",11
21-Feb-2026,"Terumah","maf","Exodus 27:17-27:19",3
21-Feb-2026,"Terumah","Haftara","I Kings 5:26-6:13",20

28-Feb-2026,"Tetzaveh",1,"Exodus 27:20-28:12",14
28-Feb-2026,"Tetzaveh",2,"Exodus 28:13-28:30",18
28-Feb-2026,"Tetzaveh",3,"Exodus 28:31-28:43",13
28-Feb-2026,"Tetzaveh",4,"Exodus 29:1-29:18",18
28-Feb-2026,"Tetzaveh",5,"Exodus 29:19-29:37",19
28-Feb-2026,"Tetzaveh",6,"Exodus 29:38-29:46",9
28-Feb-2026,"Tetzaveh",7,"Exodus 30:1-30:10",10
28-Feb-2026,"Tetzaveh","maf","Deuteronomy 25:17-25:19 | Shabbat Zachor",3
28-Feb-2026,"Tetzaveh","Haftara for Ashkenazim","I Samuel 15:2-34 | Shabbat Zachor",33
28-Feb-2026,"Tetzaveh","Haftara for Sephardim","I Samuel 15:1-34 | Shabbat Zachor",34

02-Mar-2026,"Ta'anit Esther",1,"Exodus 32:11-32:14",4
02-Mar-2026,"Ta'anit Esther",2,"Exodus 34:1-34:3",3
02-Mar-2026,"Ta'anit Esther",3,"Exodus 34:4-34:10",7

02-Mar-2026,"Ta'anit Esther (Mincha)",1,"Exodus 32:11-32:14",4
02-Mar-2026,"Ta'anit Esther (Mincha)",2,"Exodus 34:1-34:3",3
02-Mar-2026,"Ta'anit Esther (Mincha)","maf","Exodus 34:4-34:10",7
02-Mar-2026,"Ta'anit Esther (Mincha)","Haftara","Isaiah 55:6-56:8",16

02-Mar-2026,"Erev Purim","Megillah Ch. 1","Esther 1:1-1:22",22
02-Mar-2026,"Erev Purim","Megillah Ch. 2","Esther 2:1-2:23",23
02-Mar-2026,"Erev Purim","Megillah Ch. 3","Esther 3:1-3:15",15
02-Mar-2026,"Erev Purim","Megillah Ch. 4","Esther 4:1-4:17",17
02-Mar-2026,"Erev Purim","Megillah Ch. 5","Esther 5:1-5:14",14
02-Mar-2026,"Erev Purim","Megillah Ch. 6","Esther 6:1-6:14",14
02-Mar-2026,"Erev Purim","Megillah Ch. 7","Esther 7:1-7:10",10
02-Mar-2026,"Erev Purim","Megillah Ch. 8","Esther 8:1-8:17",17
02-Mar-2026,"Erev Purim","Megillah Ch. 9","Esther 9:1-9:32",32
02-Mar-2026,"Erev Purim","Megillah Ch. 10","Esther 10:1-10:3",3

03-Mar-2026,"Purim",1,"Exodus 17:8-17:10",3
03-Mar-2026,"Purim",2,"Exodus 17:11-17:13",3
03-Mar-2026,"Purim",3,"Exodus 17:14-17:16",3
03-Mar-2026,"Purim","Megillah Ch. 1","Esther 1:1-1:22",22
03-Mar-2026,"Purim","Megillah Ch. 2","Esther 2:1-2:23",23
03-Mar-2026,"Purim","Megillah Ch. 3","Esther 3:1-3:15",15
03-Mar-2026,"Purim","Megillah Ch. 4","Esther 4:1-4:17",17
03-Mar-2026,"Purim","Megillah Ch. 5","Esther 5:1-5:14",14
03-Mar-2026,"Purim","Megillah Ch. 6","Esther 6:1-6:14",14
03-Mar-2026,"Purim","Megillah Ch. 7","Esther 7:1-7:10",10
03-Mar-2026,"Purim","Megillah Ch. 8","Esther 8:1-8:17",17
03-Mar-2026,"Purim","Megillah Ch. 9","Esther 9:1-9:32",32
03-Mar-2026,"Purim","Megillah Ch. 10","Esther 10:1-10:3",3

07-Mar-2026,"Ki Tisa",1,"Exodus 30:11-31:17",45
07-Mar-2026,"Ki Tisa",2,"Exodus 31:18-33:11",47
07-Mar-2026,"Ki Tisa",3,"Exodus 33:12-33:16",5
07-Mar-2026,"Ki Tisa",4,"Exodus 33:17-33:23",7
07-Mar-2026,"Ki Tisa",5,"Exodus 34:1-34:9",9
07-Mar-2026,"Ki Tisa",6,"Exodus 34:10-34:26",17
07-Mar-2026,"Ki Tisa",7,"Exodus 34:27-34:35",9
07-Mar-2026,"Ki Tisa","maf","Numbers 19:1-19:22 | Shabbat Parah",22
07-Mar-2026,"Ki Tisa","Haftara for Ashkenazim","Ezekiel 36:16-38 | Shabbat Parah",23
07-Mar-2026,"Ki Tisa","Haftara for Sephardim","Ezekiel 36:16-36 | Shabbat Parah",21

14-Mar-2026,"Vayakhel-Pekudei",1,"Exodus 35:1-35:29",29
14-Mar-2026,"Vayakhel-Pekudei",2,"Exodus 35:30-37:16",60
14-Mar-2026,"Vayakhel-Pekudei",3,"Exodus 37:17-37:29",13
14-Mar-2026,"Vayakhel-Pekudei",4,"Exodus 38:1-39:1",32
14-Mar-2026,"Vayakhel-Pekudei",5,"Exodus 39:2-39:21",20
14-Mar-2026,"Vayakhel-Pekudei",6,"Exodus 39:22-39:43",22
14-Mar-2026,"Vayakhel-Pekudei",7,"Exodus 40:1-40:38",38
14-Mar-2026,"Vayakhel-Pekudei","maf","Exodus 12:1-12:20 | Shabbat HaChodesh",20
14-Mar-2026,"Vayakhel-Pekudei","Haftara for Ashkenazim","Ezekiel 45:16-46:18 | Shabbat HaChodesh",28
14-Mar-2026,"Vayakhel-Pekudei","Haftara for Sephardim","Ezekiel 45:18-46:15 | Shabbat HaChodesh",23

19-Mar-2026,"Rosh Chodesh Nisan",1,"Numbers 28:1-28:3",3
19-Mar-2026,"Rosh Chodesh Nisan",2,"Numbers 28:3-28:5",3
19-Mar-2026,"Rosh Chodesh Nisan",3,"Numbers 28:6-28:10",5
19-Mar-2026,"Rosh Chodesh Nisan",4,"Numbers 28:11-28:15",5

21-Mar-2026,"Vayikra",1,"Leviticus 1:1-1:13",13
21-Mar-2026,"Vayikra",2,"Leviticus 1:14-2:6",10
21-Mar-2026,"Vayikra",3,"Leviticus 2:7-2:16",10
21-Mar-2026,"Vayikra",4,"Leviticus 3:1-3:17",17
21-Mar-2026,"Vayikra",5,"Leviticus 4:1-4:26",26
21-Mar-2026,"Vayikra",6,"Leviticus 4:27-5:10",19
21-Mar-2026,"Vayikra",7,"Leviticus 5:11-5:26",16
21-Mar-2026,"Vayikra","maf","Leviticus 5:24-5:26",3
21-Mar-2026,"Vayikra","Haftara","Isaiah 43:21-44:23",31

28-Mar-2026,"Tzav",1,"Leviticus 6:1-6:11",11
28-Mar-2026,"Tzav",2,"Leviticus 6:12-7:10",22
28-Mar-2026,"Tzav",3,"Leviticus 7:11-7:38",28
28-Mar-2026,"Tzav",4,"Leviticus 8:1-8:13",13
28-Mar-2026,"Tzav",5,"Leviticus 8:14-8:21",8
28-Mar-2026,"Tzav",6,"Leviticus 8:22-8:29",8
28-Mar-2026,"Tzav",7,"Leviticus 8:30-8:36",7
28-Mar-2026,"Tzav","maf","Leviticus 8:33-8:36",4
28-Mar-2026,"Tzav","Haftara","Malachi 3:4-24 | Shabbat HaGadol",21

02-Apr-2026,"Pesach I",1,"Exodus 12:21-12:24",4
02-Apr-2026,"Pesach I",2,"Exodus 12:25-12:28",4
02-Apr-2026,"Pesach I",3,"Exodus 12:29-12:36",8
02-Apr-2026,"Pesach I",4,"Exodus 12:37-12:42",6
02-Apr-2026,"Pesach I",5,"Exodus 12:43-12:51",9
02-Apr-2026,"Pesach I","maf","Numbers 28:16-28:25",10
02-Apr-2026,"Pesach I","Haftara for Ashkenazim","Joshua 3:5-7; 5:2-6:1; 6:27",19
02-Apr-2026,"Pesach I","Haftara for Sephardim","Joshua 5:2-6:1; 6:27",16

03-Apr-2026,"Pesach II",1,"Leviticus 22:26-23:3",11
03-Apr-2026,"Pesach II",2,"Leviticus 23:4-23:14",11
03-Apr-2026,"Pesach II",3,"Leviticus 23:15-23:22",8
03-Apr-2026,"Pesach II",4,"Leviticus 23:23-23:32",10
03-Apr-2026,"Pesach II",5,"Leviticus 23:33-23:44",12
03-Apr-2026,"Pesach II","maf","Numbers 28:16-28:25",10
03-Apr-2026,"Pesach II","Haftara","II Kings 23:1-9; 23:21-25",14

04-Apr-2026,"Pesach Shabbat Chol ha-Moed",1,"Exodus 33:12-33:16",5
04-Apr-2026,"Pesach Shabbat Chol ha-Moed",2,"Exodus 33:17-33:19",3
04-Apr-2026,"Pesach Shabbat Chol ha-Moed",3,"Exodus 33:20-33:23",4
04-Apr-2026,"Pesach Shabbat Chol ha-Moed",4,"Exodus 34:1-34:3",3
04-Apr-2026,"Pesach Shabbat Chol ha-Moed",5,"Exodus 34:4-34:10",7
04-Apr-2026,"Pesach Shabbat Chol ha-Moed",6,"Exodus 34:11-34:17",7
04-Apr-2026,"Pesach Shabbat Chol ha-Moed",7,"Exodus 34:18-34:26",9
04-Apr-2026,"Pesach Shabbat Chol ha-Moed","maf","Numbers 28:19-28:25",7
04-Apr-2026,"Pesach Shabbat Chol ha-Moed","Haftara","Ezekiel 37:1-14",14
04-Apr-2026,"Pesach Shabbat Chol ha-Moed","Megillah Ch. 1","Song of Songs 1:1-1:17",17
04-Apr-2026,"Pesach Shabbat Chol ha-Moed","Megillah Ch. 2","Song of Songs 2:1-2:17",17
04-Apr-2026,"Pesach Shabbat Chol ha-Moed","Megillah Ch. 3","Song of Songs 3:1-3:11",11
04-Apr-2026,"Pesach Shabbat Chol ha-Moed","Megillah Ch. 4","Song of Songs 4:1-4:16",16
04-Apr-2026,"Pesach Shabbat Chol ha-Moed","Megillah Ch. 5","Song of Songs 5:1-5:16",16
04-Apr-2026,"Pesach Shabbat Chol ha-Moed","Megillah Ch. 6","Song of Songs 6:1-6:12",12
04-Apr-2026,"Pesach Shabbat Chol ha-Moed","Megillah Ch. 7","Song of Songs 7:1-7:14",14
04-Apr-2026,"Pesach Shabbat Chol ha-Moed","Megillah Ch. 8","Song of Songs 8:1-8:14",14

05-Apr-2026,"Pesach Chol ha-Moed Day 2 on Sunday",1,"Exodus 13:1-13:4",4
05-Apr-2026,"Pesach Chol ha-Moed Day 2 on Sunday",2,"Exodus 13:5-13:10",6
05-Apr-2026,"Pesach Chol ha-Moed Day 2 on Sunday",3,"Exodus 13:11-13:16",6
05-Apr-2026,"Pesach Chol ha-Moed Day 2 on Sunday",4,"Numbers 28:19-28:25",7

06-Apr-2026,"Pesach Chol ha-Moed Day 3 on Monday",1,"Exodus 22:24-22:26",3
06-Apr-2026,"Pesach Chol ha-Moed Day 3 on Monday",2,"Exodus 22:27-23:5",9
06-Apr-2026,"Pesach Chol ha-Moed Day 3 on Monday",3,"Exodus 23:6-23:19",14
06-Apr-2026,"Pesach Chol ha-Moed Day 3 on Monday",4,"Numbers 28:19-28:25",7

07-Apr-2026,"Pesach Chol ha-Moed Day 4",1,"Numbers 9:1-9:5",5
07-Apr-2026,"Pesach Chol ha-Moed Day 4",2,"Numbers 9:6-9:8",3
07-Apr-2026,"Pesach Chol ha-Moed Day 4",3,"Numbers 9:9-9:14",6
07-Apr-2026,"Pesach Chol ha-Moed Day 4",4,"Numbers 28:19-28:25",7

08-Apr-2026,"Pesach VII",1,"Exodus 13:17-13:22",6
08-Apr-2026,"Pesach VII",2,"Exodus 14:1-14:8",8
08-Apr-2026,"Pesach VII",3,"Exodus 14:9-14:14",6
08-Apr-2026,"Pesach VII",4,"Exodus 14:15-14:25",11
08-Apr-2026,"Pesach VII",5,"Exodus 14:26-15:26",32
08-Apr-2026,"Pesach VII","maf","Numbers 28:19-28:25",7
08-Apr-2026,"Pesach VII","Haftara","II Samuel 22:1-51",51

09-Apr-2026,"Pesach VIII",1,"Deuteronomy 15:19-15:23",5
09-Apr-2026,"Pesach VIII",2,"Deuteronomy 16:1-16:3",3
09-Apr-2026,"Pesach VIII",3,"Deuteronomy 16:4-16:8",5
09-Apr-2026,"Pesach VIII",4,"Deuteronomy 16:9-16:12",4
09-Apr-2026,"Pesach VIII",5,"Deuteronomy 16:13-16:17",5
09-Apr-2026,"Pesach VIII","maf","Numbers 28:19-28:25",7
09-Apr-2026,"Pesach VIII","Haftara","Isaiah 10:32-12:6",25

11-Apr-2026,"Shmini",1,"Leviticus 9:1-9:16",16
11-Apr-2026,"Shmini",2,"Leviticus 9:17-9:23",7
11-Apr-2026,"Shmini",3,"Leviticus 9:24-10:11",12
11-Apr-2026,"Shmini",4,"Leviticus 10:12-10:15",4
11-Apr-2026,"Shmini",5,"Leviticus 10:16-10:20",5
11-Apr-2026,"Shmini",6,"Leviticus 11:1-11:32",32
11-Apr-2026,"Shmini",7,"Leviticus 11:33-11:47",15
11-Apr-2026,"Shmini","maf","Leviticus 11:45-11:47",3
11-Apr-2026,"Shmini","Haftara for Ashkenazim","II Samuel 6:1-7:17",40
11-Apr-2026,"Shmini","Haftara for Sephardim","II Samuel 6:1-19",19

17-Apr-2026,"Rosh Chodesh Iyyar",1,"Numbers 28:1-28:3",3
17-Apr-2026,"Rosh Chodesh Iyyar",2,"Numbers 28:3-28:5",3
17-Apr-2026,"Rosh Chodesh Iyyar",3,"Numbers 28:6-28:10",5
17-Apr-2026,"Rosh Chodesh Iyyar",4,"Numbers 28:11-28:15",5

18-Apr-2026,"Tazria-Metzora",1,"Leviticus 12:1-13:23",31
18-Apr-2026,"Tazria-Metzora",2,"Leviticus 13:24-13:39",16
18-Apr-2026,"Tazria-Metzora",3,"Leviticus 13:40-13:54",15
18-Apr-2026,"Tazria-Metzora",4,"Leviticus 13:55-14:20",25
18-Apr-2026,"Tazria-Metzora",5,"Leviticus 14:21-14:32",12
18-Apr-2026,"Tazria-Metzora",6,"Leviticus 14:33-15:15",40
18-Apr-2026,"Tazria-Metzora",7,"Leviticus 15:16-15:33",18
18-Apr-2026,"Tazria-Metzora","maf","Numbers 28:9-28:15 | Shabbat Rosh Chodesh",7
18-Apr-2026,"Tazria-Metzora","Haftara","Isaiah 66:1-24 | Shabbat Rosh Chodesh",24

25-Apr-2026,"Achrei Mot-Kedoshim",1,"Leviticus 16:1-16:24",24
25-Apr-2026,"Achrei Mot-Kedoshim",2,"Leviticus 16:25-17:7",17
25-Apr-2026,"Achrei Mot-Kedoshim",3,"Leviticus 17:8-18:21",30
25-Apr-2026,"Achrei Mot-Kedoshim",4,"Leviticus 18:22-19:14",23
25-Apr-2026,"Achrei Mot-Kedoshim",5,"Leviticus 19:15-19:32",18
25-Apr-2026,"Achrei Mot-Kedoshim",6,"Leviticus 19:33-20:7",12
25-Apr-2026,"Achrei Mot-Kedoshim",7,"Leviticus 20:8-20:27",20
25-Apr-2026,"Achrei Mot-Kedoshim","maf","Leviticus 20:25-20:27",3
25-Apr-2026,"Achrei Mot-Kedoshim","Haftara for Ashkenazim","Amos 9:7-15",9
25-Apr-2026,"Achrei Mot-Kedoshim","Haftara for Sephardim","Ezekiel 20:2-20",19

02-May-2026,"Emor",1,"Leviticus 21:1-21:15",15
02-May-2026,"Emor",2,"Leviticus 21:16-22:16",25
02-May-2026,"Emor",3,"Leviticus 22:17-22:33",17
02-May-2026,"Emor",4,"Leviticus 23:1-23:22",22
02-May-2026,"Emor",5,"Leviticus 23:23-23:32",10
02-May-2026,"Emor",6,"Leviticus 23:33-23:44",12
02-May-2026,"Emor",7,"Leviticus 24:1-24:23",23
02-May-2026,"Emor","maf","Leviticus 24:21-24:23",3
02-May-2026,"Emor","Haftara","Ezekiel 44:15-31",17

09-May-2026,"Behar-Bechukotai",1,"Leviticus 25:1-25:18",18
09-May-2026,"Behar-Bechukotai",2,"Leviticus 25:19-25:28",10
09-May-2026,"Behar-Bechukotai",3,"Leviticus 25:29-25:38",10
09-May-2026,"Behar-Bechukotai",4,"Leviticus 25:39-26:9",26
09-May-2026,"Behar-Bechukotai",5,"Leviticus 26:10-26:46",37
09-May-2026,"Behar-Bechukotai",6,"Leviticus 27:1-27:15",15
09-May-2026,"Behar-Bechukotai",7,"Leviticus 27:16-27:34",19
09-May-2026,"Behar-Bechukotai","maf","Leviticus 27:32-27:34",3
09-May-2026,"Behar-Bechukotai","Haftara","Jeremiah 16:19-17:14",17

16-May-2026,"Bamidbar",1,"Numbers 1:1-1:19",19
16-May-2026,"Bamidbar",2,"Numbers 1:20-1:54",35
16-May-2026,"Bamidbar",3,"Numbers 2:1-2:34",34
16-May-2026,"Bamidbar",4,"Numbers 3:1-3:13",13
16-May-2026,"Bamidbar",5,"Numbers 3:14-3:39",26
16-May-2026,"Bamidbar",6,"Numbers 3:40-3:51",12
16-May-2026,"Bamidbar",7,"Numbers 4:1-4:20",20
16-May-2026,"Bamidbar","maf","Numbers 4:17-4:20",4
16-May-2026,"Bamidbar","Haftara","I Samuel 20:18-42 | Shabbat Machar Chodesh",25

17-May-2026,"Rosh Chodesh Sivan",1,"Numbers 28:1-28:3",3
17-May-2026,"Rosh Chodesh Sivan",2,"Numbers 28:3-28:5",3
17-May-2026,"Rosh Chodesh Sivan",3,"Numbers 28:6-28:10",5
17-May-2026,"Rosh Chodesh Sivan",4,"Numbers 28:11-28:15",5

22-May-2026,"Shavuot I",1,"Exodus 19:1-19:6",6
22-May-2026,"Shavuot I",2,"Exodus 19:7-19:13",7
22-May-2026,"Shavuot I",3,"Exodus 19:14-19:19",6
22-May-2026,"Shavuot I",4,"Exodus 19:20-20:14",20
22-May-2026,"Shavuot I",5,"Exodus 20:15-20:23",9
22-May-2026,"Shavuot I","maf","Numbers 28:26-28:31",6
22-May-2026,"Shavuot I","Haftara","Ezekiel 1:1-28; 3:12",29

23-May-2026,"Shavuot II (on Shabbat)",1,"Deuteronomy 14:22-14:29",8
23-May-2026,"Shavuot II (on Shabbat)",2,"Deuteronomy 15:1-15:18",18
23-May-2026,"Shavuot II (on Shabbat)",3,"Deuteronomy 15:19-15:23",5
23-May-2026,"Shavuot II (on Shabbat)",4,"Deuteronomy 16:1-16:3",3
23-May-2026,"Shavuot II (on Shabbat)",5,"Deuteronomy 16:4-16:8",5
23-May-2026,"Shavuot II (on Shabbat)",6,"Deuteronomy 16:9-16:12",4
23-May-2026,"Shavuot II (on Shabbat)",7,"Deuteronomy 16:13-16:17",5
23-May-2026,"Shavuot II (on Shabbat)","maf","Numbers 28:26-28:31",6
23-May-2026,"Shavuot II (on Shabbat)","Haftara for Ashkenazim","Habakkuk 3:1-19",19
23-May-2026,"Shavuot II (on Shabbat)","Haftara for Sephardim","Habakkuk 2:20-3:19",20
23-May-2026,"Shavuot II (on Shabbat)","Megillah Ch. 1","Ruth 1:1-1:22",22
23-May-2026,"Shavuot II (on Shabbat)","Megillah Ch. 2","Ruth 2:1-2:23",23
23-May-2026,"Shavuot II (on Shabbat)","Megillah Ch. 3","Ruth 3:1-3:18",18
23-May-2026,"Shavuot II (on Shabbat)","Megillah Ch. 4","Ruth 4:1-4:22",22

30-May-2026,"Nasso",1,"Numbers 4:21-4:37",17
30-May-2026,"Nasso",2,"Numbers 4:38-4:49",12
30-May-2026,"Nasso",3,"Numbers 5:1-5:10",10
30-May-2026,"Nasso",4,"Numbers 5:11-6:27",48
30-May-2026,"Nasso",5,"Numbers 7:1-7:41",41
30-May-2026,"Nasso",6,"Numbers 7:42-7:71",30
30-May-2026,"Nasso",7,"Numbers 7:72-7:89",18
30-May-2026,"Nasso","maf","Numbers 7:87-7:89",3
30-May-2026,"Nasso","Haftara","Judges 13:2-25",24

06-Jun-2026,"Beha'alotcha",1,"Numbers 8:1-8:14",14
06-Jun-2026,"Beha'alotcha",2,"Numbers 8:15-8:26",12
06-Jun-2026,"Beha'alotcha",3,"Numbers 9:1-9:14",14
06-Jun-2026,"Beha'alotcha",4,"Numbers 9:15-10:10",19
06-Jun-2026,"Beha'alotcha",5,"Numbers 10:11-10:34",24
06-Jun-2026,"Beha'alotcha",6,"Numbers 10:35-11:29",31
06-Jun-2026,"Beha'alotcha",7,"Numbers 11:30-12:16",22
06-Jun-2026,"Beha'alotcha","maf","Numbers 12:14-12:16",3
06-Jun-2026,"Beha'alotcha","Haftara","Zechariah 2:14-4:7",21

13-Jun-2026,"Sh'lach",1,"Numbers 13:1-13:20",20
13-Jun-2026,"Sh'lach",2,"Numbers 13:21-14:7",20
13-Jun-2026,"Sh'lach",3,"Numbers 14:8-14:25",18
13-Jun-2026,"Sh'lach",4,"Numbers 14:26-15:7",27
13-Jun-2026,"Sh'lach",5,"Numbers 15:8-15:16",9
13-Jun-2026,"Sh'lach",6,"Numbers 15:17-15:26",10
13-Jun-2026,"Sh'lach",7,"Numbers 15:27-15:41",15
13-Jun-2026,"Sh'lach","maf","Numbers 15:37-15:41",5
13-Jun-2026,"Sh'lach","Haftara","Joshua 2:1-24",24

15-Jun-2026,"Rosh Chodesh Tamuz",1,"Numbers 28:1-28:3",3
15-Jun-2026,"Rosh Chodesh Tamuz",2,"Numbers 28:3-28:5",3
15-Jun-2026,"Rosh Chodesh Tamuz",3,"Numbers 28:6-28:10",5
15-Jun-2026,"Rosh Chodesh Tamuz",4,"Numbers 28:11-28:15",5

16-Jun-2026,"Rosh Chodesh Tamuz",1,"Numbers 28:1-28:3",3
16-Jun-2026,"Rosh Chodesh Tamuz",2,"Numbers 28:3-28:5",3
16-Jun-2026,"Rosh Chodesh Tamuz",3,"Numbers 28:6-28:10",5
16-Jun-2026,"Rosh Chodesh Tamuz",4,"Numbers 28:11-28:15",5

20-Jun-2026,"Korach",1,"Numbers 16:1-16:13",13
20-Jun-2026,"Korach",2,"Numbers 16:14-16:19",6
20-Jun-2026,"Korach",3,"Numbers 16:20-17:8",24
20-Jun-2026,"Korach",4,"Numbers 17:9-17:15",7
20-Jun-2026,"Korach",5,"Numbers 17:16-17:24",9
20-Jun-2026,"Korach",6,"Numbers 17:25-18:20",24
20-Jun-2026,"Korach",7,"Numbers 18:21-18:32",12
20-Jun-2026,"Korach","maf","Numbers 18:30-18:32",3
20-Jun-2026,"Korach","Haftara","I Samuel 11:14-12:22",24

27-Jun-2026,"Chukat-Balak",1,"Numbers 19:1-20:6",28
27-Jun-2026,"Chukat-Balak",2,"Numbers 20:7-20:21",15
27-Jun-2026,"Chukat-Balak",3,"Numbers 20:22-21:20",28
27-Jun-2026,"Chukat-Balak",4,"Numbers 21:21-22:12",27
27-Jun-2026,"Chukat-Balak",5,"Numbers 22:13-22:38",26
27-Jun-2026,"Chukat-Balak",6,"Numbers 22:39-23:26",29
27-Jun-2026,"Chukat-Balak",7,"Numbers 23:27-25:9",38
27-Jun-2026,"Chukat-Balak","maf","Numbers 25:7-25:9",3
27-Jun-2026,"Chukat-Balak","Haftara","Micah 5:6-6:8",17

02-Jul-2026,"Tzom Tammuz",1,"Exodus 32:11-32:14",4
02-Jul-2026,"Tzom Tammuz",2,"Exodus 34:1-34:3",3
02-Jul-2026,"Tzom Tammuz",3,"Exodus 34:4-34:10",7

02-Jul-2026,"Tzom Tammuz (Mincha)",1,"Exodus 32:11-32:14",4
02-Jul-2026,"Tzom Tammuz (Mincha)",2,"Exodus 34:1-34:3",3
02-Jul-2026,"Tzom Tammuz (Mincha)","maf","Exodus 34:4-34:10",7
02-Jul-2026,"Tzom Tammuz (Mincha)","Haftara","Isaiah 55:6-56:8",16

04-Jul-2026,"Pinchas",1,"Numbers 25:10-26:4",14
04-Jul-2026,"Pinchas",2,"Numbers 26:5-26:51",47
04-Jul-2026,"Pinchas",3,"Numbers 26:52-27:5",19
04-Jul-2026,"Pinchas",4,"Numbers 27:6-27:23",18
04-Jul-2026,"Pinchas",5,"Numbers 28:1-28:15",15
04-Jul-2026,"Pinchas",6,"Numbers 28:16-29:11",27
04-Jul-2026,"Pinchas",7,"Numbers 29:12-30:1",29
04-Jul-2026,"Pinchas","maf","Numbers 29:35-30:1",6
04-Jul-2026,"Pinchas","Haftara","Jeremiah 1:1-2:3 | Pinchas occurring after 17 Tammuz",22

11-Jul-2026,"Matot-Masei",1,"Numbers 30:2-31:12",28
11-Jul-2026,"Matot-Masei",2,"Numbers 31:13-31:54",42
11-Jul-2026,"Matot-Masei",3,"Numbers 32:1-32:19",19
11-Jul-2026,"Matot-Masei",4,"Numbers 32:20-33:49",72
11-Jul-2026,"Matot-Masei",5,"Numbers 33:50-34:15",22
11-Jul-2026,"Matot-Masei",6,"Numbers 34:16-35:8",22
11-Jul-2026,"Matot-Masei",7,"Numbers 35:9-36:13",39
11-Jul-2026,"Matot-Masei","maf","Numbers 36:11-36:13",3
11-Jul-2026,"Matot-Masei","Haftara for Ashkenazim","Jeremiah 2:4-28; 3:4",26
11-Jul-2026,"Matot-Masei","Haftara for Sephardim","Jeremiah 2:4-28; 4:1-2",27

15-Jul-2026,"Rosh Chodesh Av",1,"Numbers 28:1-28:3",3
15-Jul-2026,"Rosh Chodesh Av",2,"Numbers 28:3-28:5",3
15-Jul-2026,"Rosh Chodesh Av",3,"Numbers 28:6-28:10",5
15-Jul-2026,"Rosh Chodesh Av",4,"Numbers 28:11-28:15",5

18-Jul-2026,"Devarim",1,"Deuteronomy 1:1-1:10",10
18-Jul-2026,"Devarim",2,"Deuteronomy 1:11-1:21",11
18-Jul-2026,"Devarim",3,"Deuteronomy 1:22-1:38",17
18-Jul-2026,"Devarim",4,"Deuteronomy 1:39-2:1",9
18-Jul-2026,"Devarim",5,"Deuteronomy 2:2-2:30",29
18-Jul-2026,"Devarim",6,"Deuteronomy 2:31-3:14",21
18-Jul-2026,"Devarim",7,"Deuteronomy 3:15-3:22",8
18-Jul-2026,"Devarim","maf","Deuteronomy 3:20-3:22",3
18-Jul-2026,"Devarim","Haftara","Isaiah 1:1-27",27

22-Jul-2026,"Erev Tish'a B'Av","Megillah Ch. 1","Lamentations 1:1-1:22",22
22-Jul-2026,"Erev Tish'a B'Av","Megillah Ch. 2","Lamentations 2:1-2:22",22
22-Jul-2026,"Erev Tish'a B'Av","Megillah Ch. 3","Lamentations 3:1-3:66",66
22-Jul-2026,"Erev Tish'a B'Av","Megillah Ch. 4","Lamentations 4:1-4:22",22
22-Jul-2026,"Erev Tish'a B'Av","Megillah Ch. 5","Lamentations 5:1-5:22",22

23-Jul-2026,"Tish'a B'Av",1,"Deuteronomy 4:25-4:29",5
23-Jul-2026,"Tish'a B'Av",2,"Deuteronomy 4:30-4:35",6
23-Jul-2026,"Tish'a B'Av",3,"Deuteronomy 4:36-4:40",5
23-Jul-2026,"Tish'a B'Av","Haftara","Jeremiah 8:13-9:23",34
23-Jul-2026,"Tish'a B'Av","Megillah Ch. 1","Lamentations 1:1-1:22",22
23-Jul-2026,"Tish'a B'Av","Megillah Ch. 2","Lamentations 2:1-2:22",22
23-Jul-2026,"Tish'a B'Av","Megillah Ch. 3","Lamentations 3:1-3:66",66
23-Jul-2026,"Tish'a B'Av","Megillah Ch. 4","Lamentations 4:1-4:22",22
23-Jul-2026,"Tish'a B'Av","Megillah Ch. 5","Lamentations 5:1-5:22",22

23-Jul-2026,"Tish'a B'Av (Mincha)",1,"Exodus 32:11-32:14",4
23-Jul-2026,"Tish'a B'Av (Mincha)",2,"Exodus 34:1-34:3",3
23-Jul-2026,"Tish'a B'Av (Mincha)","maf","Exodus 34:4-34:10",7
23-Jul-2026,"Tish'a B'Av (Mincha)","Haftara","Isaiah 55:6-56:8",16

25-Jul-2026,"Vaetchanan",1,"Deuteronomy 3:23-4:4",11
25-Jul-2026,"Vaetchanan",2,"Deuteronomy 4:5-4:40",36
25-Jul-2026,"Vaetchanan",3,"Deuteronomy 4:41-4:49",9
25-Jul-2026,"Vaetchanan",4,"Deuteronomy 5:1-5:18",18
25-Jul-2026,"Vaetchanan",5,"Deuteronomy 5:19-6:3",15
25-Jul-2026,"Vaetchanan",6,"Deuteronomy 6:4-6:25",22
25-Jul-2026,"Vaetchanan",7,"Deuteronomy 7:1-7:11",11
25-Jul-2026,"Vaetchanan","maf","Deuteronomy 7:9-7:11",3
25-Jul-2026,"Vaetchanan","Haftara","Isaiah 40:1-26",26

01-Aug-2026,"Eikev",1,"Deuteronomy 7:12-8:10",25
01-Aug-2026,"Eikev",2,"Deuteronomy 8:11-9:3",13
01-Aug-2026,"Eikev",3,"Deuteronomy 9:4-9:29",26
01-Aug-2026,"Eikev",4,"Deuteronomy 10:1-10:11",11
01-Aug-2026,"Eikev",5,"Deuteronomy 10:12-11:9",20
01-Aug-2026,"Eikev",6,"Deuteronomy 11:10-11:21",12
01-Aug-2026,"Eikev",7,"Deuteronomy 11:22-11:25",4
01-Aug-2026,"Eikev","maf","Deuteronomy 11:22-11:25",4
01-Aug-2026,"Eikev","Haftara","Isaiah 49:14-51:3",27

08-Aug-2026,"Re'eh",1,"Deuteronomy 11:26-12:10",17
08-Aug-2026,"Re'eh",2,"Deuteronomy 12:11-12:28",18
08-Aug-2026,"Re'eh",3,"Deuteronomy 12:29-13:19",22
08-Aug-2026,"Re'eh",4,"Deuteronomy 14:1-14:21",21
08-Aug-2026,"Re'eh",5,"Deuteronomy 14:22-14:29",8
08-Aug-2026,"Re'eh",6,"Deuteronomy 15:1-15:18",18
08-Aug-2026,"Re'eh",7,"Deuteronomy 15:19-16:17",22
08-Aug-2026,"Re'eh","maf","Deuteronomy 16:13-16:17",5
08-Aug-2026,"Re'eh","Haftara","Isaiah 54:11-55:5",12

13-Aug-2026,"Rosh Chodesh Elul",1,"Numbers 28:1-28:3",3
13-Aug-2026,"Rosh Chodesh Elul",2,"Numbers 28:3-28:5",3
13-Aug-2026,"Rosh Chodesh Elul",3,"Numbers 28:6-28:10",5
13-Aug-2026,"Rosh Chodesh Elul",4,"Numbers 28:11-28:15",5

14-Aug-2026,"Rosh Chodesh Elul",1,"Numbers 28:1-28:3",3
14-Aug-2026,"Rosh Chodesh Elul",2,"Numbers 28:3-28:5",3
14-Aug-2026,"Rosh Chodesh Elul",3,"Numbers 28:6-28:10",5
14-Aug-2026,"Rosh Chodesh Elul",4,"Numbers 28:11-28:15",5

15-Aug-2026,"Shoftim",1,"Deuteronomy 16:18-17:13",18
15-Aug-2026,"Shoftim",2,"Deuteronomy 17:14-17:20",7
15-Aug-2026,"Shoftim",3,"Deuteronomy 18:1-18:5",5
15-Aug-2026,"Shoftim",4,"Deuteronomy 18:6-18:13",8
15-Aug-2026,"Shoftim",5,"Deuteronomy 18:14-19:13",22
15-Aug-2026,"Shoftim",6,"Deuteronomy 19:14-20:9",17
15-Aug-2026,"Shoftim",7,"Deuteronomy 20:10-21:9",20
15-Aug-2026,"Shoftim","maf","Deuteronomy 21:7-21:9",3
15-Aug-2026,"Shoftim","Haftara","Isaiah 51:12-52:12",24

22-Aug-2026,"Ki Teitzei",1,"Deuteronomy 21:10-21:21",12
22-Aug-2026,"Ki Teitzei",2,"Deuteronomy 21:22-22:7",9
22-Aug-2026,"Ki Teitzei",3,"Deuteronomy 22:8-23:7",29
22-Aug-2026,"Ki Teitzei",4,"Deuteronomy 23:8-23:24",17
22-Aug-2026,"Ki Teitzei",5,"Deuteronomy 23:25-24:4",6
22-Aug-2026,"Ki Teitzei",6,"Deuteronomy 24:5-24:13",9
22-Aug-2026,"Ki Teitzei",7,"Deuteronomy 24:14-25:19",28
22-Aug-2026,"Ki Teitzei","maf","Deuteronomy 25:17-25:19",3
22-Aug-2026,"Ki Teitzei","Haftara","Isaiah 54:1-10",10

29-Aug-2026,"Ki Tavo",1,"Deuteronomy 26:1-26:11",11
29-Aug-2026,"Ki Tavo",2,"Deuteronomy 26:12-26:15",4
29-Aug-2026,"Ki Tavo",3,"Deuteronomy 26:16-26:19",4
29-Aug-2026,"Ki Tavo",4,"Deuteronomy 27:1-27:10",10
29-Aug-2026,"Ki Tavo",5,"Deuteronomy 27:11-28:6",22
29-Aug-2026,"Ki Tavo",6,"Deuteronomy 28:7-28:69",63
29-Aug-2026,"Ki Tavo",7,"Deuteronomy 29:1-29:8",8
29-Aug-2026,"Ki Tavo","maf","Deuteronomy 29:6-29:8",3
29-Aug-2026,"Ki Tavo","Haftara","Isaiah 60:1-22",22

05-Sep-2026,"Nitzavim-Vayeilech",1,"Deuteronomy 29:9-29:28",20
05-Sep-2026,"Nitzavim-Vayeilech",2,"Deuteronomy 30:1-30:6",6
05-Sep-2026,"Nitzavim-Vayeilech",3,"Deuteronomy 30:7-30:14",8
05-Sep-2026,"Nitzavim-Vayeilech",4,"Deuteronomy 30:15-31:6",12
05-Sep-2026,"Nitzavim-Vayeilech",5,"Deuteronomy 31:7-31:13",7
05-Sep-2026,"Nitzavim-Vayeilech",6,"Deuteronomy 31:14-31:19",6
05-Sep-2026,"Nitzavim-Vayeilech",7,"Deuteronomy 31:20-31:30",11
05-Sep-2026,"Nitzavim-Vayeilech","maf","Deuteronomy 31:28-31:30",3
05-Sep-2026,"Nitzavim-Vayeilech","Haftara","Isaiah 61:10-63:9",23

